Nome;Aniversario;Contato ;Instagram
Ana Souza;13/01/2025;(99) 99777-1381;@ana_souza56
Bruno Lima;24/01/2025;(99) 97538-2096;@bruno_lima91
Carla Mendes;24/01/2025;(99) 99906-4259;@carla_mendes78
Daniel Rocha;19/01/2025;(99) 94764-7015;@daniel_rocha50
Eduarda Farias;03/01/2025;(99) 96661-2447;@eduarda_farias78
Felipe Oliveira;31/01/2025;(99) 97926-3479;@felipe_oliveira30
Gabriela Nunes;27/01/2025;(99) 98593-2790;@gabriela_nunes92
Hugo Martins;06/01/2025;(99) 92951-9910;@hugo_martins36
Isabela Santos;26/01/2025;(99) 99635-9536;@isabela_santos89
João Pereira;24/01/2025;(99) 94468-7349;@joão_pereira22
Karen Costa;05/01/2025;(99) 91275-3130;@karen_costa19
Lucas Almeida;11/01/2025;(99) 93707-6003;@lucas_almeida26
Mariana Duarte;28/01/2025;(99) 98027-1926;@mariana_duarte43
Natália Ribeiro;31/01/2025;(99) 99605-1284;@natália_ribeiro19
Otávio Fernandes;30/01/2025;(99) 96337-9638;@otávio_fernandes16
Patrícia Vasconcelos;04/01/2025;(99) 99649-5055;@patrícia_vasconcelos69
Rafael Teixeira;17/01/2025;(99) 91276-9048;@rafael_teixeira70
Simone Barros;30/01/2025;(99) 99733-7326;@simone_barros86
Tiago Neves;14/01/2025;(99) 99035-7588;@tiago_neves80
Vanessa Monteiro;29/01/2025;(99) 96969-7533;@vanessa_monteiro71
William Castro;06/01/2025;(99) 97881-2637;@william_castro12
Yasmin Lopes;08/01/2025;(99) 94338-6842;@yasmin_lopes71
Zé Ricardo;06/01/2025;(99) 99421-2111;@zé_ricardo32
Alice Campos;16/01/2025;(99) 91085-2938;@alice_campos19
Bernardo Vasques;12/01/2025;(99) 93260-5818;@bernardo_vasques49
Camila Siqueira;10/01/2025;(99) 91407-9833;@camila_siqueira14
Diego Moura;29/01/2025;(99) 92668-5106;@diego_moura61
Estela Pinheiro;22/01/2025;(99) 97875-1802;@estela_pinheiro77
Fernando Gouveia;24/01/2025;(99) 91676-8920;@fernando_gouveia84
Giovana Mendes;06/01/2025;(99) 96267-1869;@giovana_mendes97
